-- phpMyAdmin SQL Dump
-- version 3.5.2.2
-- http://www.phpmyadmin.net
--
-- Host: 127.0.0.1
-- Generato il: Dic 09, 2021 alle 04:29
-- Versione del server: 5.5.27-log
-- Versione PHP: 5.4.6

SET SQL_MODE="NO_AUTO_VALUE_ON_ZERO";
SET time_zone = "+00:00";


/*!40101 SET @OLD_CHARACTER_SET_CLIENT=@@CHARACTER_SET_CLIENT */;
/*!40101 SET @OLD_CHARACTER_SET_RESULTS=@@CHARACTER_SET_RESULTS */;
/*!40101 SET @OLD_COLLATION_CONNECTION=@@COLLATION_CONNECTION */;
/*!40101 SET NAMES utf8 */;

--
-- Database: `abbigliamento`
--

-- --------------------------------------------------------

--
-- Struttura della tabella `articoli`
--

CREATE TABLE IF NOT EXISTS `articoli` (
  `Codice` int(5) NOT NULL DEFAULT '0',
  `Descrizione` varchar(40) DEFAULT NULL,
  `Colore` varchar(20) DEFAULT NULL,
  `Taglia` varchar(10) DEFAULT NULL COMMENT 'S-M-L-XL-XXL',
  `QuantitaDisponibile` int(3) DEFAULT NULL,
  `PrezzoListino` decimal(6,2) DEFAULT NULL COMMENT '€',
  `CodiceCategoria` int(2) DEFAULT NULL,
  PRIMARY KEY (`Codice`),
  KEY `CodiceCategoria` (`CodiceCategoria`)
) ENGINE=InnoDB DEFAULT CHARSET=latin1;

--
-- Dump dei dati per la tabella `articoli`
--

INSERT INTO `articoli` (`Codice`, `Descrizione`, `Colore`, `Taglia`, `QuantitaDisponibile`, `PrezzoListino`, `CodiceCategoria`) VALUES
(1, 'pantalone da lavoro Diadora', 'nero', 'S', 370, '44.00', 1),
(2, 'pantalone da lavoro Diadora', 'nero', 'M', 450, '44.00', 1),
(3, 'pantalone da lavoro Diadora', 'nero', 'L', 420, '44.00', 1),
(4, 'pantalone da lavoro Diadora', 'nero', 'XL', 220, '44.00', 1),
(5, 'pantalone da lavoro Diadora', 'nero', 'XXL', 100, '44.00', 1),
(6, 'pantalone da lavoro Diadora', 'marrone', 'S', 370, '44.00', 1),
(7, 'pantalone da lavoro Diadora', 'marrone', 'M', 450, '44.00', 1),
(8, 'pantalone da lavoro Diadora', 'marrone', 'L', 420, '44.00', 1),
(9, 'pantalone da lavoro Diadora', 'marrone', 'XL', 220, '44.00', 1),
(10, 'pantalone da lavoro Diadora', 'marrone', 'XXL', 100, '44.00', 1),
(11, 'gonna in jeans', 'blu', 'S', 400, '30.00', 2),
(12, 'gonna in jeans', 'blu', 'M', 430, '30.00', 2),
(13, 'gonna in jeans', 'blu', 'L', 290, '30.00', 2),
(14, 'gonna in jeans', 'blu', 'XL', 254, '30.00', 2),
(15, 'gonna in jeans', 'blu', 'XXL', 130, '30.00', 2),
(16, 'gonna in jeans', 'nero', 'S', 400, '30.00', 2),
(17, 'gonna in jeans', 'nero', 'M', 400, '30.00', 2),
(18, 'gonna in jeans', 'nero', 'L', 300, '30.00', 2),
(19, 'gonna in jeans', 'nero', 'XL', 280, '30.00', 2),
(20, 'gonna in jeans', 'nero', 'XXL', 100, '30.00', 2),
(21, 'giaccha Pyrex', 'rosso', 'S', 200, '99.00', 3),
(22, 'giaccha Pyrex', 'rosso', 'M', 200, '99.00', 3),
(23, 'giaccha Pyrex', 'rosso', 'L', 200, '99.00', 3),
(24, 'giaccha Pyrex', 'rosso', 'XL', 200, '99.00', 3),
(25, 'giaccha Pyrex', 'rosso', 'XXL', 200, '99.00', 3),
(26, 'giaccha Pyrex', 'marrone', 'S', 200, '99.00', 3),
(27, 'giaccha Pyrex', 'marrone', 'M', 200, '99.00', 3),
(28, 'giaccha Pyrex', 'marrone', 'L', 200, '99.00', 3),
(29, 'giaccha Pyrex', 'marrone', 'XL', 200, '99.00', 3),
(30, 'giaccha Pyrex', 'marrone', 'XXL', 200, '99.00', 3),
(31, 'T-shirt Adidas', 'bianco', 'S', 340, '15.00', 4),
(32, 'T-shirt Adidas', 'bianco', 'M', 340, '15.00', 4),
(33, 'T-shirt Adidas', 'bianco', 'L', 340, '15.00', 4),
(34, 'T-shirt Adidas', 'bianco', 'XL', 340, '15.00', 4),
(35, 'T-shirt Adidas', 'nero', 'S', 340, '15.00', 4),
(36, 'T-shirt Adidas', 'nero', 'M', 340, '15.00', 4),
(37, 'T-shirt Adidas', 'nero', 'L', 340, '15.00', 4),
(38, 'T-shirt Adidas', 'nero', 'XL', 340, '15.00', 4);

-- --------------------------------------------------------

--
-- Struttura della tabella `categorie`
--

CREATE TABLE IF NOT EXISTS `categorie` (
  `Codice` int(2) NOT NULL DEFAULT '0',
  `Descrizione` varchar(30) DEFAULT NULL,
  `Genere` int(1) DEFAULT NULL COMMENT '0=Uomo 1=Donna 2=Bambino',
  PRIMARY KEY (`Codice`)
) ENGINE=InnoDB DEFAULT CHARSET=latin1;

--
-- Dump dei dati per la tabella `categorie`
--

INSERT INTO `categorie` (`Codice`, `Descrizione`, `Genere`) VALUES
(1, 'Pantaloni', 0),
(2, 'Gonne', 1),
(3, 'Giacche invernali', 2),
(4, 'T-shirt', 2);

-- --------------------------------------------------------

--
-- Struttura della tabella `vendite`
--

CREATE TABLE IF NOT EXISTS `vendite` (
  `Id` int(8) NOT NULL DEFAULT '0',
  `CodiceArticolo` int(5) DEFAULT NULL,
  `QuantitaVenduta` int(3) DEFAULT NULL,
  `PrezzoVendita` decimal(6,2) DEFAULT NULL,
  `DataVendita` date DEFAULT NULL,
  PRIMARY KEY (`Id`),
  KEY `CodiceArticolo` (`CodiceArticolo`)
) ENGINE=InnoDB DEFAULT CHARSET=latin1;

--
-- Dump dei dati per la tabella `vendite`
--

INSERT INTO `vendite` (`Id`, `CodiceArticolo`, `QuantitaVenduta`, `PrezzoVendita`, `DataVendita`) VALUES
(1, 14, 200, '6000.00', '2020-06-08'),
(2, 20, 10, '300.00', '2020-04-25'),
(3, 23, 19, '1880.00', '2021-03-29'),
(4, 6, 58, '2552.00', '2021-08-31'),
(5, 3, 119, '5235.00', '2020-12-20'),
(6, 8, 68, '2980.00', '2020-11-30'),
(7, 2, 225, '9900.00', '2021-09-30'),
(8, 11, 111, '3330.00', '2020-09-20'),
(9, 14, 29, '870.00', '2020-10-31'),
(10, 18, 49, '1470.00', '2021-04-12'),
(11, 16, 89, '2670.00', '2021-01-31'),
(12, 19, 38, '1140.00', '2021-02-28'),
(13, 21, 88, '8712.00', '2021-05-05'),
(14, 23, 54, '5345.00', '2021-04-30'),
(15, 24, 44, '4350.00', '2021-03-25'),
(16, 25, 38, '3762.00', '2021-05-15'),
(17, 25, 54, '9999.99', '2020-06-29'),
(18, 26, 78, '7722.00', '2020-04-29'),
(19, 27, 48, '4752.00', '2020-05-10'),
(20, 29, 27, '2673.00', '2020-06-19'),
(21, 30, 19, '1881.00', '2020-04-27'),
(22, 31, 285, '4275.00', '2021-08-15'),
(23, 32, 354, '5310.00', '2021-08-21'),
(24, 33, 289, '4335.00', '2021-09-05'),
(25, 34, 215, '3225.00', '2021-08-22'),
(26, 35, 315, '4725.00', '2021-09-30'),
(27, 5, 54, '2376.00', '2021-12-07'),
(28, 13, 5, '150.00', '2021-12-04'),
(29, 17, 60, '1800.00', '2020-06-17'),
(30, 22, 18, '1782.00', '2020-05-21'),
(31, 18, 150, '4500.00', '2021-04-19'),
(32, 1, 200, '8800.00', '2021-12-04'),
(33, 29, 75, '1125.00', '2021-12-07'),
(34, 26, 160, '15.00', '2021-12-02'),
(35, 21, 22, '2178.00', '2021-11-24'),
(36, 25, 90, '8910.00', '2021-11-23'),
(37, 27, 180, '9999.99', '2021-10-14'),
(38, 15, 77, '2310.00', '2020-07-16'),
(39, 25, 80, '7920.00', '2020-07-07'),
(40, 9, 130, '5720.00', '2020-07-16'),
(41, 31, 300, '4500.00', '2021-09-01'),
(42, 38, 88, '1320.00', '2021-02-17'),
(43, 14, 200, '6000.00', '2020-11-14'),
(44, 20, 10, '300.00', '2021-09-18'),
(45, 23, 19, '1880.00', '2020-04-27'),
(46, 6, 58, '2552.00', '2021-01-21'),
(47, 3, 119, '5235.00', '2019-12-22'),
(48, 8, 68, '2980.00', '2020-12-09'),
(49, 2, 225, '9900.00', '2020-05-11'),
(50, 11, 111, '3330.00', '2020-05-28'),
(51, 14, 29, '870.00', '2020-06-06'),
(52, 18, 49, '1470.00', '2020-03-16'),
(53, 16, 89, '2670.00', '2021-02-02'),
(54, 19, 38, '1140.00', '2020-04-09'),
(55, 21, 88, '8712.00', '2020-08-29'),
(56, 23, 54, '5345.00', '2021-03-23'),
(57, 24, 44, '4350.00', '2020-06-05'),
(58, 25, 38, '3762.00', '2021-11-09'),
(59, 25, 54, '9999.99', '2020-02-05'),
(60, 26, 78, '7722.00', '2020-08-23'),
(61, 27, 48, '4752.00', '2021-05-04'),
(62, 29, 27, '2673.00', '2021-04-21'),
(63, 30, 19, '1881.00', '2021-03-16'),
(64, 31, 285, '4275.00', '0000-00-00'),
(65, 32, 354, '5310.00', '2021-09-28'),
(66, 33, 289, '4335.00', '2021-11-03'),
(67, 34, 215, '3225.00', '2021-05-24'),
(68, 35, 315, '4725.00', '2020-06-29'),
(69, 5, 54, '2376.00', '2020-07-23'),
(70, 13, 5, '150.00', '2021-08-17'),
(71, 17, 60, '1800.00', '2021-02-06'),
(72, 22, 18, '1782.00', '2021-04-22'),
(73, 18, 150, '4500.00', '2021-10-11'),
(74, 1, 200, '8800.00', '2021-11-13'),
(75, 29, 75, '1125.00', '2021-10-15'),
(76, 26, 160, '15.00', '2021-04-12'),
(77, 21, 22, '2178.00', '2020-04-09'),
(78, 25, 90, '8910.00', '2020-09-24'),
(79, 27, 180, '9999.99', '2021-11-13'),
(80, 15, 77, '2310.00', '2020-02-03'),
(81, 25, 80, '7920.00', '2020-01-10'),
(82, 9, 130, '5720.00', '2021-06-09'),
(83, 31, 300, '4500.00', '2020-10-10'),
(84, 38, 88, '1320.00', '2020-06-19'),
(85, 14, 200, '6000.00', '2019-12-20'),
(86, 20, 10, '300.00', '2020-02-19'),
(87, 23, 19, '1880.00', '2020-12-22'),
(88, 6, 58, '2552.00', '2020-01-23'),
(89, 3, 119, '5235.00', '2020-01-12'),
(90, 8, 68, '2980.00', '2020-01-17'),
(91, 2, 225, '9900.00', '2021-11-24'),
(92, 11, 111, '3330.00', '2021-08-06'),
(93, 14, 29, '870.00', '2021-03-01'),
(94, 18, 49, '1470.00', '2021-05-11'),
(95, 16, 89, '2670.00', '2019-12-09'),
(96, 19, 38, '1140.00', '2020-09-17'),
(97, 21, 88, '8712.00', '2021-04-13'),
(98, 23, 54, '5345.00', '2021-03-25'),
(99, 24, 44, '4350.00', '2020-08-07'),
(100, 25, 38, '3762.00', '2020-02-14'),
(101, 25, 54, '9999.99', '2021-05-02'),
(102, 26, 78, '7722.00', '2021-11-14'),
(103, 27, 48, '4752.00', '2020-04-11'),
(104, 29, 27, '2673.00', '2021-07-14'),
(105, 30, 19, '1881.00', '2021-04-03'),
(106, 31, 285, '4275.00', '0000-00-00'),
(107, 32, 354, '5310.00', '2020-06-04'),
(108, 33, 289, '4335.00', '2021-08-07'),
(109, 34, 215, '3225.00', '2019-12-20'),
(110, 35, 315, '4725.00', '2021-03-01'),
(111, 5, 54, '2376.00', '2021-06-27'),
(112, 13, 5, '150.00', '2020-01-02'),
(113, 17, 60, '1800.00', '2021-06-18'),
(114, 22, 18, '1782.00', '2021-03-17'),
(115, 18, 150, '4500.00', '2020-11-13'),
(116, 1, 200, '8800.00', '2021-06-26'),
(117, 29, 75, '1125.00', '2020-08-12'),
(118, 26, 160, '15.00', '2020-10-04'),
(119, 21, 22, '2178.00', '2021-01-13'),
(120, 25, 90, '8910.00', '2021-09-05'),
(121, 27, 180, '9999.99', '2021-05-27'),
(122, 15, 77, '2310.00', '2021-01-06'),
(123, 25, 80, '7920.00', '2021-06-03'),
(124, 9, 130, '5720.00', '2021-04-15'),
(125, 31, 300, '4500.00', '2020-09-25'),
(126, 38, 88, '1320.00', '2020-02-24'),
(127, 14, 200, '6000.00', '2020-06-10'),
(128, 20, 10, '300.00', '2019-12-28'),
(129, 23, 19, '1880.00', '2020-07-26'),
(130, 6, 58, '2552.00', '2021-05-18'),
(131, 3, 119, '5235.00', '2021-07-30'),
(132, 8, 68, '2980.00', '2020-07-04'),
(133, 2, 225, '9900.00', '2021-11-07'),
(134, 11, 111, '3330.00', '2020-11-06'),
(135, 14, 29, '870.00', '2021-03-23'),
(136, 18, 49, '1470.00', '2020-06-30'),
(137, 16, 89, '2670.00', '2020-06-23'),
(138, 19, 38, '1140.00', '2021-10-14'),
(139, 21, 88, '8712.00', '2020-11-01'),
(140, 23, 54, '5345.00', '2020-08-28'),
(141, 24, 44, '4350.00', '2021-06-09'),
(142, 25, 38, '3762.00', '2020-05-01'),
(143, 25, 54, '9999.99', '2020-11-07'),
(144, 26, 78, '7722.00', '2020-09-02'),
(145, 27, 48, '4752.00', '2020-08-15'),
(146, 29, 27, '2673.00', '2021-09-26'),
(147, 30, 19, '1881.00', '2020-09-15'),
(148, 31, 285, '4275.00', '0000-00-00'),
(149, 32, 354, '5310.00', '2021-01-02'),
(150, 33, 289, '4335.00', '2020-02-12'),
(151, 34, 215, '3225.00', '2020-11-04'),
(152, 35, 315, '4725.00', '2020-01-05'),
(153, 5, 54, '2376.00', '2020-07-01'),
(154, 13, 5, '150.00', '2020-09-20'),
(155, 17, 60, '1800.00', '2020-09-10'),
(156, 22, 18, '1782.00', '2021-09-26'),
(157, 18, 150, '4500.00', '2020-01-20'),
(158, 1, 200, '8800.00', '2021-09-19'),
(159, 29, 75, '1125.00', '2020-09-10'),
(160, 26, 160, '15.00', '2020-01-11'),
(161, 21, 22, '2178.00', '2021-08-17'),
(162, 25, 90, '8910.00', '2020-04-05'),
(163, 27, 180, '9999.99', '2020-04-12'),
(164, 15, 77, '2310.00', '2021-08-26'),
(165, 25, 80, '7920.00', '2020-02-05'),
(166, 9, 130, '5720.00', '2020-08-02'),
(167, 31, 300, '4500.00', '2021-12-01'),
(168, 38, 88, '1320.00', '2020-03-21'),
(169, 14, 200, '6000.00', '2021-06-21'),
(170, 20, 10, '300.00', '2021-11-14'),
(171, 23, 19, '1880.00', '2020-12-28'),
(172, 6, 58, '2552.00', '2020-06-22'),
(173, 3, 119, '5235.00', '2020-08-18'),
(174, 8, 68, '2980.00', '2020-04-04'),
(175, 2, 225, '9900.00', '2019-12-19'),
(176, 11, 111, '3330.00', '2020-01-29'),
(177, 14, 29, '870.00', '2021-07-21'),
(178, 18, 49, '1470.00', '2020-12-30'),
(179, 16, 89, '2670.00', '2020-04-18'),
(180, 19, 38, '1140.00', '2021-09-30'),
(181, 21, 88, '8712.00', '2021-02-22'),
(182, 23, 54, '5345.00', '2020-03-26'),
(183, 24, 44, '4350.00', '2020-05-26'),
(184, 25, 38, '3762.00', '2021-02-14'),
(185, 25, 54, '9999.99', '2021-05-14'),
(186, 26, 78, '7722.00', '2021-03-09'),
(187, 27, 48, '4752.00', '2021-09-25'),
(188, 29, 27, '2673.00', '2020-12-02'),
(189, 30, 19, '1881.00', '2021-02-21'),
(190, 31, 285, '4275.00', '0000-00-00'),
(191, 32, 354, '5310.00', '2020-09-09'),
(192, 33, 289, '4335.00', '2020-10-28'),
(193, 34, 215, '3225.00', '2020-05-28'),
(194, 35, 315, '4725.00', '2021-12-04'),
(195, 5, 54, '2376.00', '2020-10-02'),
(196, 13, 5, '150.00', '2021-07-13'),
(197, 17, 60, '1800.00', '2020-02-10'),
(198, 22, 18, '1782.00', '2021-01-30'),
(199, 18, 150, '4500.00', '2020-05-02'),
(200, 1, 200, '8800.00', '2020-09-12'),
(201, 29, 75, '1125.00', '2020-03-10'),
(202, 26, 160, '15.00', '2020-09-09'),
(203, 21, 22, '2178.00', '2020-11-22'),
(204, 25, 90, '8910.00', '2021-01-18'),
(205, 27, 180, '9999.99', '2021-08-04'),
(206, 15, 77, '2310.00', '2020-12-11'),
(207, 25, 80, '7920.00', '2020-11-06'),
(208, 9, 130, '5720.00', '2020-03-29'),
(209, 31, 300, '4500.00', '2020-03-17'),
(210, 38, 88, '1320.00', '2021-01-07'),
(211, 14, 200, '6000.00', '2021-08-26'),
(212, 20, 10, '300.00', '2020-12-29'),
(213, 23, 19, '1880.00', '2021-01-12'),
(214, 6, 58, '2552.00', '2021-02-08'),
(215, 3, 119, '5235.00', '2021-09-22'),
(216, 8, 68, '2980.00', '2020-12-20'),
(217, 2, 225, '9900.00', '2019-12-17'),
(218, 11, 111, '3330.00', '2020-05-21'),
(219, 14, 29, '870.00', '2020-07-01'),
(220, 18, 49, '1470.00', '2020-11-11'),
(221, 16, 89, '2670.00', '2019-12-15'),
(222, 19, 38, '1140.00', '2021-01-24'),
(223, 21, 88, '8712.00', '2020-06-08'),
(224, 23, 54, '5345.00', '2020-05-10'),
(225, 24, 44, '4350.00', '2020-12-16'),
(226, 25, 38, '3762.00', '2020-04-21'),
(227, 25, 54, '9999.99', '2020-12-21'),
(228, 26, 78, '7722.00', '2020-02-23'),
(229, 27, 48, '4752.00', '2021-11-23'),
(230, 29, 27, '2673.00', '2020-04-24'),
(231, 30, 19, '1881.00', '2020-07-10'),
(232, 31, 285, '4275.00', '0000-00-00'),
(233, 32, 354, '5310.00', '2020-09-04'),
(234, 33, 289, '4335.00', '2020-04-08'),
(235, 34, 215, '3225.00', '2020-07-18'),
(236, 35, 315, '4725.00', '2020-05-11'),
(237, 5, 54, '2376.00', '2020-04-11'),
(238, 13, 5, '150.00', '2020-05-13'),
(239, 17, 60, '1800.00', '2021-06-24'),
(240, 22, 18, '1782.00', '2021-03-01'),
(241, 18, 150, '4500.00', '2020-08-19'),
(242, 1, 200, '8800.00', '2021-10-20'),
(243, 29, 75, '1125.00', '2020-09-25'),
(244, 26, 160, '15.00', '2021-01-01'),
(245, 21, 22, '2178.00', '2020-09-01'),
(246, 25, 90, '8910.00', '2020-09-19'),
(247, 27, 180, '9999.99', '2020-10-10'),
(248, 15, 77, '2310.00', '2021-07-30'),
(249, 25, 80, '7920.00', '2020-04-27'),
(250, 9, 130, '5720.00', '2020-05-05'),
(251, 31, 300, '4500.00', '2021-01-12'),
(252, 38, 88, '1320.00', '2021-07-25'),
(253, 14, 200, '6000.00', '2020-07-15'),
(254, 20, 10, '300.00', '2020-11-12'),
(255, 23, 19, '1880.00', '2019-12-06'),
(256, 6, 58, '2552.00', '2020-08-24'),
(257, 3, 119, '5235.00', '2021-04-04'),
(258, 8, 68, '2980.00', '2021-06-18'),
(259, 2, 225, '9900.00', '2020-12-08'),
(260, 11, 111, '3330.00', '2021-07-17'),
(261, 14, 29, '870.00', '2021-05-27'),
(262, 18, 49, '1470.00', '2020-04-20'),
(263, 16, 89, '2670.00', '2020-06-16'),
(264, 19, 38, '1140.00', '2021-11-29'),
(265, 21, 88, '8712.00', '2020-11-29'),
(266, 23, 54, '5345.00', '2020-08-10'),
(267, 24, 44, '4350.00', '2019-12-11'),
(268, 25, 38, '3762.00', '2020-06-05'),
(269, 25, 54, '9999.99', '2020-09-25'),
(270, 26, 78, '7722.00', '2020-07-18'),
(271, 27, 48, '4752.00', '2021-11-09'),
(272, 29, 27, '2673.00', '2020-10-27'),
(273, 30, 19, '1881.00', '2020-10-21'),
(274, 31, 285, '4275.00', '0000-00-00'),
(275, 32, 354, '5310.00', '2021-08-02'),
(276, 33, 289, '4335.00', '2021-10-07'),
(277, 34, 215, '3225.00', '2020-01-19'),
(278, 35, 315, '4725.00', '2021-02-01'),
(279, 5, 54, '2376.00', '2021-08-05'),
(280, 13, 5, '150.00', '2020-12-01'),
(281, 17, 60, '1800.00', '2020-06-05'),
(282, 22, 18, '1782.00', '2021-01-22'),
(283, 18, 150, '4500.00', '2021-04-26'),
(284, 1, 200, '8800.00', '2020-12-31'),
(285, 29, 75, '1125.00', '2020-11-12'),
(286, 26, 160, '15.00', '2021-06-04'),
(287, 21, 22, '2178.00', '2021-03-11'),
(288, 25, 90, '8910.00', '2021-09-11'),
(289, 27, 180, '9999.99', '2021-04-20'),
(290, 15, 77, '2310.00', '2021-05-11'),
(291, 25, 80, '7920.00', '2020-08-26'),
(292, 9, 130, '5720.00', '2021-09-03'),
(293, 31, 300, '4500.00', '2020-08-28'),
(294, 38, 88, '1320.00', '2021-01-19'),
(295, 14, 200, '6000.00', '2020-05-22'),
(296, 20, 10, '300.00', '2020-08-07'),
(297, 23, 19, '1880.00', '2020-07-04'),
(298, 6, 58, '2552.00', '2021-07-11'),
(299, 3, 119, '5235.00', '2020-01-29'),
(300, 8, 68, '2980.00', '2020-01-22'),
(301, 2, 225, '9900.00', '2020-06-14'),
(302, 11, 111, '3330.00', '2021-11-17'),
(303, 14, 29, '870.00', '2021-11-29'),
(304, 18, 49, '1470.00', '2020-09-22'),
(305, 16, 89, '2670.00', '2021-02-14'),
(306, 19, 38, '1140.00', '2020-02-16'),
(307, 21, 88, '8712.00', '2020-10-07'),
(308, 23, 54, '5345.00', '2020-10-09'),
(309, 24, 44, '4350.00', '2020-12-07'),
(310, 25, 38, '3762.00', '2020-01-01'),
(311, 25, 54, '9999.99', '2020-08-19'),
(312, 26, 78, '7722.00', '2021-05-27'),
(313, 27, 48, '4752.00', '2021-05-05'),
(314, 29, 27, '2673.00', '2020-03-02'),
(315, 30, 19, '1881.00', '2020-06-07'),
(316, 31, 285, '4275.00', '0000-00-00'),
(317, 32, 354, '5310.00', '2020-10-07'),
(318, 33, 289, '4335.00', '2020-04-26'),
(319, 34, 215, '3225.00', '2020-02-06'),
(320, 35, 315, '4725.00', '2020-02-08'),
(321, 5, 54, '2376.00', '2020-08-30'),
(322, 13, 5, '150.00', '2021-02-21'),
(323, 17, 60, '1800.00', '2020-08-02'),
(324, 22, 18, '1782.00', '2021-08-04'),
(325, 18, 150, '4500.00', '2021-06-21'),
(326, 1, 200, '8800.00', '2020-04-21'),
(327, 29, 75, '1125.00', '2021-10-29'),
(328, 26, 160, '15.00', '2020-05-15'),
(329, 21, 22, '2178.00', '2020-08-07'),
(330, 25, 90, '8910.00', '2020-07-08'),
(331, 27, 180, '9999.99', '2020-09-21'),
(332, 15, 77, '2310.00', '2020-09-05'),
(333, 25, 80, '7920.00', '2020-07-07'),
(334, 9, 130, '5720.00', '2021-06-22'),
(335, 31, 300, '4500.00', '2021-04-05'),
(336, 38, 88, '1320.00', '2021-09-11'),
(337, 14, 200, '6000.00', '2021-03-21'),
(338, 20, 10, '300.00', '2021-07-08'),
(339, 23, 19, '1880.00', '2020-05-20'),
(340, 6, 58, '2552.00', '2021-01-09'),
(341, 3, 119, '5235.00', '2020-04-26'),
(342, 8, 68, '2980.00', '2021-07-16'),
(343, 2, 225, '9900.00', '2021-03-24'),
(344, 11, 111, '3330.00', '2020-01-07'),
(345, 14, 29, '870.00', '2021-03-31'),
(346, 18, 49, '1470.00', '2020-09-07'),
(347, 16, 89, '2670.00', '2019-12-13'),
(348, 19, 38, '1140.00', '2020-05-18'),
(349, 21, 88, '8712.00', '2021-12-01'),
(350, 23, 54, '5345.00', '2020-02-28'),
(351, 24, 44, '4350.00', '2020-01-10'),
(352, 25, 38, '3762.00', '2020-10-13'),
(353, 25, 54, '9999.99', '2021-04-04'),
(354, 26, 78, '7722.00', '2020-02-26'),
(355, 27, 48, '4752.00', '2021-11-25'),
(356, 29, 27, '2673.00', '2020-12-01'),
(357, 30, 19, '1881.00', '2021-03-23'),
(358, 31, 285, '4275.00', '0000-00-00'),
(359, 32, 354, '5310.00', '2020-12-16'),
(360, 33, 289, '4335.00', '2021-06-22'),
(361, 34, 215, '3225.00', '2020-09-29'),
(362, 35, 315, '4725.00', '2021-06-10'),
(363, 5, 54, '2376.00', '2021-09-08'),
(364, 13, 5, '150.00', '2020-02-11'),
(365, 17, 60, '1800.00', '2021-10-13'),
(366, 22, 18, '1782.00', '2020-01-29'),
(367, 18, 150, '4500.00', '2021-06-30'),
(368, 1, 200, '8800.00', '2021-07-30'),
(369, 29, 75, '1125.00', '2021-03-26'),
(370, 26, 160, '15.00', '2019-12-28'),
(371, 21, 22, '2178.00', '2020-10-28'),
(372, 25, 90, '8910.00', '2021-07-03'),
(373, 27, 180, '9999.99', '2021-01-21'),
(374, 15, 77, '2310.00', '2020-05-11'),
(375, 25, 80, '7920.00', '2021-02-17'),
(376, 9, 130, '5720.00', '2020-08-04'),
(377, 31, 300, '4500.00', '2020-03-08'),
(378, 38, 88, '1320.00', '2021-05-16');

--
-- Limiti per le tabelle scaricate
--

--
-- Limiti per la tabella `articoli`
--
ALTER TABLE `articoli`
  ADD CONSTRAINT `articoli_ibfk_1` FOREIGN KEY (`CodiceCategoria`) REFERENCES `categorie` (`Codice`) ON DELETE SET NULL ON UPDATE CASCADE;

--
-- Limiti per la tabella `vendite`
--
ALTER TABLE `vendite`
  ADD CONSTRAINT `vendite_ibfk_1` FOREIGN KEY (`CodiceArticolo`) REFERENCES `articoli` (`Codice`) ON DELETE CASCADE ON UPDATE CASCADE;

/*!40101 SET CHARACTER_SET_CLIENT=@OLD_CHARACTER_SET_CLIENT */;
/*!40101 SET CHARACTER_SET_RESULTS=@OLD_CHARACTER_SET_RESULTS */;
/*!40101 SET COLLATION_CONNECTION=@OLD_COLLATION_CONNECTION */;
